Map,AM Peak,Midday,PM Peak,Night,Year
34,0.4947894184819607,0.26863222480119303,0.038218027586503826,0.19836032913034285,2010
34,0.5029361269999999,0.26217996400000004,0.033468079000000005,0.201415828,1996
35,0.20520942541041887,0.6574394543148789,0.12047675724095336,0.01687436303374869,2010
35,0.23907032300000003,0.634851588,0.112352613,0.013725474,1996
36,0.7105348279999998,0.28946517200000016,2.2204460492503126e-16,1.9428902930940235e-16,2010
36,0.712146018,0.287853982,0.0,0.0,1996
37,0.47904831900000006,0.09115271800000001,0.407503768,0.022295196,1996
37,0.47726146767846,0.0908120995795407,0.40968820996688116,0.022238222775117503,2010
38,0.104220549,0.422059223,0.18086349799999998,0.292856735,1996
38,0.10487468949555885,0.4299464161802747,0.17913299917644213,0.28604589514772444,2010
39,0.157722426,0.3235634,0.342312994,0.17640118000000002,1996
39,0.1432560015,0.32867047199999994,0.34231299400000004,0.18576053250000002,2010
41,0.8198203999999989,0.13251290000000082,0.03324360000000061,0.014423100000000555,2010
41,0.8497691,0.0993591,0.031641,0.019230800000000003,1996
42,0.8898917999999998,0.1101082,0.0,0.0,1996
42,0.8831350500000003,0.11686494999999988,0.0,0.0,2010
43,0.495,0.42,0.0,0.085,1996
43,0.47750000000000004,0.44,0.0,0.0825,2010
44,0.3378275,0.47320740000000006,0.1484823,0.0404828,1996
44,0.2989791698714677,0.513356908628022,0.14704104162383153,0.04062287987667883,2010
45,0.14767619999999998,0.40192074999999994,0.39648634999999993,0.053916699999999956,2010
45,0.1934388,0.37774090000000005,0.39288919999999994,0.0359311,1996
46,0.8088311000000001,0.11903970000000001,0.0373726,0.034756600000000006,1996
46,0.8880258485812845,0.07153012683150475,0.0038787286373294615,0.03656529594988163,2010
47,0.5690102,0.2673506,0.1533299,0.010309299999999999,1996
47,0.5364277999999998,0.2844691000000001,0.1672938000000001,0.011809300000000128,2010
48,0.27692459999999997,0.4783251,0.19196649999999998,0.052783800000000006,1996
48,0.2604619546223421,0.47032753114945947,0.21358404013332502,0.05562647409487327,2010
49,0.904923,0.06580659999999999,0.022513600000000005,0.0067568,1996
49,0.8944097500000007,0.0774459499999997,0.022889749999999764,0.00525454999999994,2010
50,0.617841,0.222191372,0.05377584900000001,0.10619177699999999,1996
50,0.7204155106544669,0.15912451466333563,0.032562707965567574,0.08789726671663009,2010
51,0.19643188729515265,0.742045636783458,0.03079863388451375,0.03072384203687545,2010
51,0.13126306000000001,0.81295841,0.04729148,0.008487051,1996
52,0.823498596,0.10914309200000001,0.064677386,0.002680925,1996
52,0.9387763586892861,0.0380136128497117,0.014862219353916864,0.00834780910708548,2010
53,0.5518243879997561,0.22874100895871152,0.20144505115547606,0.017989551886056294,2010
53,0.505331525,0.24201665600000002,0.252651821,0.0,1996
54,0.25708729353145465,0.5655719785953813,0.15774214486850077,0.019598583004663262,2010
54,0.166237473,0.46770844599999994,0.265759058,0.100295021,1996
55,0.20393363461772823,0.28725712446298907,0.46197645785471864,0.04683278306456409,2010
55,0.14491790100000002,0.28680653300000003,0.440365039,0.127910526,1996
56,0.669243148,0.206343692,0.05296189899999999,0.071451262,1996
56,0.8199345223063569,0.10131094030476524,0.03559380444940234,0.04316073293947514,2010
57,0.10280379999999999,0.8624859000000001,0.0347103,0.0,1996
57,0.1004673499999999,0.8554765499999997,0.044056100000000445,4.3107878378023597e-16,2010
58,0.28319382054253944,0.4260746712593369,0.24688027566081294,0.043851232537311005,2010
58,0.186296605,0.402826386,0.29810052099999995,0.11277648700000001,1996
59,0.6978620409999998,0.191751855,0.04565915400000001,0.06472694799999999,1996
59,0.7983536257932885,0.09871061820477074,0.009296745725781033,0.0936390102761596,2010
60,0.2823478,0.7176522,0.0,0.0,1996
60,0.23886955000000007,0.7611304500000001,0.0,0.0,2010
61,0.9366076,0.06339239999999999,0.0,0.0,1996
61,0.9409907956666465,0.0569302573706949,0.0,0.0020789469626587296,2010
62,0.6750001,0.2436666,0.0813333,0.0,1996
62,0.61666675,0.30149995000000007,0.08183330000000003,2.42861286636753e-17,2010
63,0.29159834999999995,0.5215527,0.15062269999999994,0.03622624999999997,2010
63,0.30974660000000004,0.5093341000000001,0.1470329,0.0338864,1996
64,0.18304020000000001,0.4365869,0.33993510000000005,0.040437799999999996,1996
64,0.17577070439600903,0.41734953242496275,0.3742085329558865,0.032671230223142056,2010
65,0.2436667,0.467,0.2186666,0.0706667,1996
65,0.23781514685403604,0.40873951947461384,0.28689071070404554,0.06655462296730459,2010
66,0.47748212199999995,0.35787179799999996,0.068812611,0.095833472,1996
66,0.43947421783882873,0.39150246480196366,0.07101472728349495,0.09800859007571236,2010
91,0.9001395810000001,0.062010042999999994,0.019747158,0.01810322,1996
91,0.8844992237310013,0.08270133833459753,0.020747340958505472,0.012052096975895946,2010
92,0.869947147,0.07784996300000001,0.024441052999999997,0.027761839000000003,1996
92,0.8104613334056139,0.15842189984833316,0.01250943111513482,0.01860733563091819,2010
93,0.836369121,0.10929500999999998,0.0348051,0.019530768,1996
93,0.8026139963026148,0.1457641896457639,0.036567960036567725,0.015053854015053835,2010
94,0.7911683610000001,0.13094366799999999,0.041109861000000004,0.036778114,1996
94,0.7979007546139726,0.14058172440659314,0.016137946075748925,0.04537957490368521,2010
95,0.8998413848599851,0.04542384162742051,0.000580441310774693,0.05415433220181987,2010
95,0.939174219,0.040757299999999996,0.013943794,0.006124686,1996
96,0.8246092356121639,0.10424505701479753,0.008521562464050577,0.06262414490898813,2010
96,0.7638327619999999,0.14407192600000002,0.034305806,0.05778950699999999,1996
97,0.8435854430481975,0.09757201277202728,0.024292027431075752,0.0345505167486993,2010
97,0.8298034799999999,0.09639199699999998,0.022952461999999996,0.050852061000000004,1996
98,0.27692459999999997,0.4783251,0.19196649999999998,0.052783800000000006,1996
98,0.2604619546223421,0.47032753114945947,0.21358404013332502,0.05562647409487327,2010
99,0.3079443606143103,0.4398840311171215,0.19975910865591992,0.05241249961264824,2010
99,0.32301770799999996,0.44732159999999993,0.179523846,0.050136847,1996
100,0.476023186,0.374448813,0.117493981,0.032034022999999995,1996
100,0.44568281896155826,0.40592596048615404,0.11626954921956958,0.032121671332717906,2010
101,0.41781827046398967,0.5342067421174022,0.03975062725761263,0.008224360160995916,2010
101,0.33505670800000004,0.4901643970000001,0.141499052,0.033279842000000004,1996
102,0.310290013,0.42562331499999995,0.19929251199999998,0.06479415799999999,1996
102,0.3056665465189773,0.37224761782145876,0.26127736279125724,0.060808472868306915,2010
103,0.2872441344275036,0.3743966392852351,0.3232507288431655,0.01510849744409589,2010
103,0.284966247,0.334875387,0.348304679,0.031853689,1996
104,0.289210543,0.376221676,0.292933556,0.041634227,1996
104,0.2873128472864994,0.35913645179819687,0.3220128797440437,0.031537821171259695,2010
105,0.49277755599999995,0.16813326699999998,0.055469346,0.283619828,1996
105,0.49050004202466624,0.16387422111133348,0.064248754380718,0.2813769824832826,2010
106,0.49277755599999995,0.16813326699999998,0.055469346,0.283619828,1996
106,0.49050004202466624,0.16387422111133348,0.064248754380718,0.2813769824832826,2010
107,0.7039178684339281,0.17967357035603432,0.029562082582266603,0.0868464786277708,2010
107,0.6284947,0.147117277,0.07103699399999999,0.15335102499999997,1996
108,0.681449312,0.131026078,0.069460683,0.11806393,1996
108,0.8130760190561774,0.1400383730232346,0.01170888365242176,0.03517672426816619,2010
109,0.096833818,0.33215212600000005,0.213914194,0.357099861,1996
109,0.09885424300054281,0.33874439857819955,0.21202580103508473,0.35037555738617293,2010
110,0.096833818,0.33215212600000005,0.213914194,0.357099861,1996
110,0.09885424300054281,0.33874439857819955,0.21202580103508473,0.35037555738617293,2010
111,0.27415996662154846,0.5542488954096564,0.14353821164851338,0.028052926320281554,2010
111,0.178491554,0.389415266,0.29156001,0.14053316999999999,1996
112,0.20104883500000004,0.32297110100000004,0.32150054,0.15447953000000003,1996
112,0.29143268264856803,0.42717732690622695,0.23055542991608047,0.05083456052912452,2010
113,0.142637782,0.23476959599999997,0.378824112,0.243768502,1996
113,0.13339555756716448,0.23384062537072503,0.37541495550331966,0.25734886155879094,2010
114,0.153480876,0.211856703,0.470247344,0.16441507200000002,1996
114,0.18988411847749964,0.3044741486684659,0.461959610588222,0.04368212226581222,2010
115,0.568207322,0.21351292900000002,0.012998511,0.205281233,1996
115,0.5657349144291682,0.22613878428920395,0.009078461941755628,0.19904783933987263,2010
116,0.618309416,0.195272295,0.014689595,0.171728691,1996
116,0.6103914386290585,0.2043313909662449,0.01166833155862725,0.1736088388460691,2010
117,0.117198772,0.46319180099999996,0.236388718,0.183220703,1996
117,0.09909328222097952,0.4713471753461106,0.2284377157704856,0.20112182666242429,2010
118,0.135474881,0.39762038,0.26480317400000003,0.20210157,1996
118,0.12393196399177969,0.39337467268454474,0.2651926767530887,0.21750068657058658,2010
119,0.07668325826835418,0.2873356306210855,0.3942277507438638,0.24175336036669662,2010
119,0.09511671199999999,0.28427983700000004,0.416222811,0.204380638,1996
120,0.619429395,0.12069685000000001,0.050103275,0.209770486,1996
120,0.6240855272572795,0.12270950840051344,0.05060730918319681,0.20259765515901024,2010
121,0.672492276,0.103073583,0.049829545,0.174604591,1996
121,0.6700824349933603,0.10142772425509328,0.05212426607655262,0.17636557467499372,2010
122,0.170004074,0.364635004,0.277226322,0.188134597,1996
122,0.1581840165255854,0.36510630741340594,0.2718183071118716,0.2048913689491371,2010
123,0.19281000699999995,0.29732991500000006,0.304924703,0.204935366,1996
123,0.18527925226012631,0.2862851958291851,0.3082047909267971,0.2202307609838914,2010
124,0.13341556732765894,0.18336846863346085,0.4383105203201244,0.2449054437187559,2010
124,0.14380761199999997,0.18923376300000003,0.458947938,0.208010685,1996
